ds,y
9/17/2014,457.33
9/18/2014,424.44
9/19/2014,394.80
9/20/2014,408.90
9/21/2014,398.82
9/22/2014,402.15
9/23/2014,435.79
9/24/2014,423.20
9/25/2014,411.57
9/26/2014,404.42
9/27/2014,399.52
9/28/2014,377.18
9/29/2014,375.47
9/30/2014,386.94
10/1/2014,383.61
10/2/2014,375.07
10/3/2014,359.51
10/4/2014,328.87
10/5/2014,320.51
10/6/2014,330.08
10/7/2014,336.19
10/8/2014,352.94
10/9/2014,365.03
10/10/2014,361.56
10/11/2014,362.30
10/12/2014,378.55
10/13/2014,390.41
10/14/2014,400.87
10/15/2014,394.77
10/16/2014,382.56
10/17/2014,383.76
10/18/2014,391.44
10/19/2014,389.55
10/20/2014,382.85
10/21/2014,386.48
10/22/2014,383.16
10/23/2014,358.42
10/24/2014,358.35
10/25/2014,347.27
10/26/2014,354.70
10/27/2014,352.99
10/28/2014,357.62
10/29/2014,335.59
10/30/2014,345.30
10/31/2014,338.32
11/1/2014,325.75
11/2/2014,325.89
11/3/2014,327.55
11/4/2014,330.49
11/5/2014,339.49
11/6/2014,349.29
11/7/2014,342.42
11/8/2014,345.49
11/9/2014,363.26
11/10/2014,366.92
11/11/2014,367.70
11/12/2014,423.56
11/13/2014,420.73
11/14/2014,397.82
11/15/2014,376.13
11/16/2014,387.88
11/17/2014,387.41
11/18/2014,375.20
11/19/2014,380.55
11/20/2014,357.84
11/21/2014,350.85
11/22/2014,352.92
11/23/2014,367.57
11/24/2014,376.90
11/25/2014,375.35
11/26/2014,368.37
11/27/2014,369.67
11/28/2014,376.45
11/29/2014,375.49
11/30/2014,378.05
12/1/2014,379.24
12/2/2014,381.32
12/3/2014,375.01
12/4/2014,369.60
12/5/2014,376.85
12/6/2014,374.79
12/7/2014,375.10
12/8/2014,361.91
12/9/2014,352.22
12/10/2014,346.36
12/11/2014,350.51
12/12/2014,352.54
12/13/2014,347.38
12/14/2014,351.63
12/15/2014,345.35
12/16/2014,327.06
12/17/2014,319.78
12/18/2014,311.40
12/19/2014,317.84
12/20/2014,329.96
12/21/2014,320.84
12/22/2014,331.89
12/23/2014,334.57
12/24/2014,322.53
12/25/2014,319.01
12/26/2014,327.92
12/27/2014,315.86
12/28/2014,317.24
12/29/2014,312.67
12/30/2014,310.74
12/31/2014,320.19
1/1/2015,314.25
1/2/2015,315.03
1/3/2015,281.08
1/4/2015,264.20
1/5/2015,274.47
1/6/2015,286.19
1/7/2015,294.34
1/8/2015,283.35
1/9/2015,290.41
1/10/2015,274.80
1/11/2015,265.66
1/12/2015,267.80
1/13/2015,225.86
1/14/2015,178.10
1/15/2015,209.84
1/16/2015,208.10
1/17/2015,199.26
1/18/2015,210.34
1/19/2015,214.86
1/20/2015,211.32
1/21/2015,226.90
1/22/2015,233.41
1/23/2015,232.88
1/24/2015,247.85
1/25/2015,253.72
1/26/2015,273.47
1/27/2015,263.48
1/28/2015,233.91
1/29/2015,233.51
1/30/2015,226.43
1/31/2015,217.46
2/1/2015,226.97
2/2/2015,238.23
2/3/2015,227.27
2/4/2015,226.85
2/5/2015,217.11
2/6/2015,222.27
2/7/2015,227.75
2/8/2015,223.41
2/9/2015,220.11
2/10/2015,219.84
2/11/2015,219.18
2/12/2015,221.76
2/13/2015,235.43
2/14/2015,257.32
2/15/2015,234.82
2/16/2015,233.84
2/17/2015,243.61
2/18/2015,236.33
2/19/2015,240.28
2/20/2015,243.78
2/21/2015,244.53
2/22/2015,235.98
2/23/2015,238.89
2/24/2015,238.74
2/25/2015,237.47
2/26/2015,236.43
2/27/2015,253.83
2/28/2015,254.26
3/1/2015,260.20
3/2/2015,275.67
3/3/2015,281.70
3/4/2015,273.09
3/5/2015,276.18
3/6/2015,272.72
3/7/2015,276.26
3/8/2015,274.35
3/9/2015,289.61
3/10/2015,291.76
3/11/2015,296.38
3/12/2015,294.35
3/13/2015,285.34
3/14/2015,281.89
3/15/2015,286.39
3/16/2015,290.59
3/17/2015,285.51
3/18/2015,256.30
3/19/2015,260.93
3/20/2015,261.75
3/21/2015,260.02
3/22/2015,267.96
3/23/2015,266.74
3/24/2015,245.60
3/25/2015,246.20
3/26/2015,248.53
3/27/2015,247.03
3/28/2015,252.80
3/29/2015,242.71
3/30/2015,247.53
3/31/2015,244.22
4/1/2015,247.27
4/2/2015,253.01
4/3/2015,254.32
4/4/2015,253.70
4/5/2015,260.60
4/6/2015,255.49
4/7/2015,253.18
4/8/2015,245.02
4/9/2015,243.68
4/10/2015,236.07
4/11/2015,236.55
4/12/2015,236.15
4/13/2015,224.59
4/14/2015,219.16
4/15/2015,223.83
4/16/2015,228.57
4/17/2015,222.88
4/18/2015,223.36
4/19/2015,222.60
4/20/2015,224.63
4/21/2015,235.27
4/22/2015,234.18
4/23/2015,236.46
4/24/2015,231.27
4/25/2015,226.39
4/26/2015,219.43
4/27/2015,229.29
4/28/2015,225.85
4/29/2015,225.81
4/30/2015,236.15
5/1/2015,232.08
5/2/2015,234.93
5/3/2015,240.36
5/4/2015,239.02
5/5/2015,236.12
5/6/2015,229.78
5/7/2015,237.33
5/8/2015,243.86
5/9/2015,241.83
5/10/2015,240.30
5/11/2015,242.16
5/12/2015,241.11
5/13/2015,236.38
5/14/2015,236.93
5/15/2015,237.60
5/16/2015,236.15
5/17/2015,236.80
5/18/2015,233.13
5/19/2015,231.95
5/20/2015,234.02
5/21/2015,235.34
5/22/2015,240.35
5/23/2015,238.87
5/24/2015,240.95
5/25/2015,237.11
5/26/2015,237.12
5/27/2015,237.28
5/28/2015,237.41
5/29/2015,237.10
5/30/2015,233.35
5/31/2015,230.19
6/1/2015,222.93
6/2/2015,225.80
6/3/2015,225.87
6/4/2015,224.32
6/5/2015,224.95
6/6/2015,225.62
6/7/2015,222.88
6/8/2015,228.49
6/9/2015,229.05
6/10/2015,228.80
6/11/2015,229.71
6/12/2015,229.98
6/13/2015,232.40
6/14/2015,233.54
6/15/2015,236.82
6/16/2015,250.90
6/17/2015,249.28
6/18/2015,249.01
6/19/2015,244.61
6/20/2015,245.21
6/21/2015,243.94
6/22/2015,246.99
6/23/2015,244.30
6/24/2015,240.51
6/25/2015,242.80
6/26/2015,243.59
6/27/2015,250.99
6/28/2015,249.01
6/29/2015,257.06
6/30/2015,263.07
7/1/2015,258.62
7/2/2015,255.41
7/3/2015,256.34
7/4/2015,260.89
7/5/2015,271.91
7/6/2015,269.03
7/7/2015,266.21
7/8/2015,270.79
7/9/2015,269.23
7/10/2015,284.89
7/11/2015,293.11
7/12/2015,310.87
7/13/2015,292.05
7/14/2015,287.46
7/15/2015,285.83
7/16/2015,278.09
7/17/2015,279.47
7/18/2015,274.90
7/19/2015,273.61
7/20/2015,278.98
7/21/2015,275.83
7/22/2015,277.22
7/23/2015,276.05
7/24/2015,288.28
7/25/2015,288.70
7/26/2015,292.69
7/27/2015,293.62
7/28/2015,294.43
7/29/2015,289.59
7/30/2015,287.72
7/31/2015,284.65
8/1/2015,281.60
8/2/2015,282.61
8/3/2015,281.23
8/4/2015,285.22
8/5/2015,281.88
8/6/2015,278.58
8/7/2015,279.58
8/8/2015,261.00
8/9/2015,265.08
8/10/2015,264.47
8/11/2015,270.39
8/12/2015,266.38
8/13/2015,264.08
8/14/2015,265.68
8/15/2015,261.55
8/16/2015,258.51
8/17/2015,257.98
8/18/2015,211.08
8/19/2015,226.68
8/20/2015,235.35
8/21/2015,232.57
8/22/2015,230.39
8/23/2015,228.17
8/24/2015,210.49
8/25/2015,221.61
8/26/2015,225.83
8/27/2015,224.77
8/28/2015,231.40
8/29/2015,229.78
8/30/2015,228.76
8/31/2015,230.06
9/1/2015,228.12
9/2/2015,229.28
9/3/2015,227.18
9/4/2015,230.30
9/5/2015,235.02
9/6/2015,239.84
9/7/2015,239.85
9/8/2015,243.61
9/9/2015,238.17
9/10/2015,238.48
9/11/2015,240.11
9/12/2015,235.23
9/13/2015,230.51
9/14/2015,230.64
9/15/2015,230.30
9/16/2015,229.09
9/17/2015,229.81
9/18/2015,232.98
9/19/2015,231.49
9/20/2015,231.21
9/21/2015,227.09
9/22/2015,230.62
9/23/2015,230.28
9/24/2015,234.53
9/25/2015,235.14
9/26/2015,234.34
9/27/2015,232.76
9/28/2015,239.14
9/29/2015,236.69
9/30/2015,236.06
10/1/2015,237.55
10/2/2015,237.29
10/3/2015,238.73
10/4/2015,238.26
10/5/2015,240.38
10/6/2015,246.06
10/7/2015,242.97
10/8/2015,242.30
10/9/2015,243.93
10/10/2015,244.94
10/11/2015,247.05
10/12/2015,245.31
10/13/2015,249.51
10/14/2015,251.99
10/15/2015,254.32
10/16/2015,262.87
10/17/2015,270.64
10/18/2015,261.64
10/19/2015,263.44
10/20/2015,269.46
10/21/2015,266.27
10/22/2015,274.02
10/23/2015,276.50
10/24/2015,281.65
10/25/2015,283.68
10/26/2015,285.30
10/27/2015,293.79
10/28/2015,304.62
10/29/2015,313.86
10/30/2015,328.02
10/31/2015,314.17
11/1/2015,325.43
11/2/2015,361.19
11/3/2015,403.42
11/4/2015,411.56
11/5/2015,386.35
11/6/2015,374.47
11/7/2015,386.48
11/8/2015,373.37
11/9/2015,380.26
11/10/2015,336.82
11/11/2015,311.08
11/12/2015,338.15
11/13/2015,336.75
11/14/2015,332.91
11/15/2015,320.17
11/16/2015,330.75
11/17/2015,335.09
11/18/2015,334.59
11/19/2015,326.15
11/20/2015,322.02
11/21/2015,326.93
11/22/2015,324.54
11/23/2015,323.05
11/24/2015,320.05
11/25/2015,328.21
11/26/2015,352.68
11/27/2015,358.04
11/28/2015,357.38
11/29/2015,371.29
11/30/2015,377.32
12/1/2015,362.49
12/2/2015,359.19
12/3/2015,361.05
12/4/2015,363.18
12/5/2015,388.95
12/6/2015,388.78
12/7/2015,395.54
12/8/2015,415.56
12/9/2015,417.56
12/10/2015,415.48
12/11/2015,451.94
12/12/2015,435.00
12/13/2015,433.76
12/14/2015,444.18
12/15/2015,465.32
12/16/2015,454.93
12/17/2015,456.08
12/18/2015,463.62
12/19/2015,462.32
12/20/2015,442.68
12/21/2015,438.64
12/22/2015,436.57
12/23/2015,442.40
12/24/2015,454.98
12/25/2015,455.65
12/26/2015,417.27
12/27/2015,422.82
12/28/2015,422.28
12/29/2015,432.98
12/30/2015,426.62
12/31/2015,430.57
1/1/2016,434.33
1/2/2016,433.44
1/3/2016,430.01
1/4/2016,433.09
1/5/2016,431.96
1/6/2016,429.11
1/7/2016,458.05
1/8/2016,453.23
1/9/2016,447.61
1/10/2016,447.99
1/11/2016,448.43
1/12/2016,435.69
1/13/2016,432.37
1/14/2016,430.31
1/15/2016,364.33
1/16/2016,387.54
1/17/2016,382.30
1/18/2016,387.17
1/19/2016,380.15
1/20/2016,420.23
1/21/2016,410.26
1/22/2016,382.49
1/23/2016,387.49
1/24/2016,402.97
1/25/2016,391.73
1/26/2016,392.15
1/27/2016,394.97
1/28/2016,380.29
1/29/2016,379.47
1/30/2016,378.26
1/31/2016,368.77
2/1/2016,373.06
2/2/2016,374.45
2/3/2016,369.95
2/4/2016,389.59
2/5/2016,386.55
2/6/2016,376.52
2/7/2016,376.62
2/8/2016,373.45
2/9/2016,376.03
2/10/2016,381.65
2/11/2016,379.65
2/12/2016,384.26
2/13/2016,391.86
2/14/2016,407.23
2/15/2016,400.18
2/16/2016,407.49
2/17/2016,416.32
2/18/2016,422.37
2/19/2016,420.79
2/20/2016,437.16
2/21/2016,438.80
2/22/2016,437.75
2/23/2016,420.74
2/24/2016,424.95
2/25/2016,424.54
2/26/2016,432.15
2/27/2016,432.52
2/28/2016,433.50
2/29/2016,437.70
3/1/2016,435.12
3/2/2016,423.99
3/3/2016,421.65
3/4/2016,410.94
3/5/2016,400.57
3/6/2016,407.71
3/7/2016,414.32
3/8/2016,413.97
3/9/2016,414.86
3/10/2016,417.13
3/11/2016,421.69
3/12/2016,411.62
3/13/2016,414.07
3/14/2016,416.44
3/15/2016,416.83
3/16/2016,417.01
3/17/2016,420.62
3/18/2016,409.55
3/19/2016,410.44
3/20/2016,413.76
3/21/2016,413.31
3/22/2016,418.09
3/23/2016,418.04
3/24/2016,416.39
3/25/2016,417.18
3/26/2016,417.95
3/27/2016,426.77
3/28/2016,424.23
3/29/2016,416.52
3/30/2016,414.82
3/31/2016,416.73
4/1/2016,417.96
4/2/2016,420.87
4/3/2016,420.90
4/4/2016,421.44
4/5/2016,424.03
4/6/2016,423.41
4/7/2016,422.74
4/8/2016,420.35
4/9/2016,419.41
4/10/2016,421.56
4/11/2016,422.48
4/12/2016,425.19
4/13/2016,423.73
4/14/2016,424.28
4/15/2016,429.71
4/16/2016,430.57
4/17/2016,427.40
4/18/2016,428.59
4/19/2016,435.51
4/20/2016,441.39
4/21/2016,449.42
4/22/2016,445.74
4/23/2016,450.28
4/24/2016,458.55
4/25/2016,461.43
4/26/2016,466.09
4/27/2016,444.69
4/28/2016,449.01
4/29/2016,455.10
4/30/2016,448.32
5/1/2016,451.88
5/2/2016,444.67
5/3/2016,450.30
5/4/2016,446.72
5/5/2016,447.98
5/6/2016,459.60
5/7/2016,458.54
5/8/2016,458.55
5/9/2016,460.48
5/10/2016,450.89
5/11/2016,452.73
5/12/2016,454.77
5/13/2016,455.67
5/14/2016,455.67
5/15/2016,457.57
5/16/2016,454.16
5/17/2016,453.78
5/18/2016,454.62
5/19/2016,438.71
5/20/2016,442.68
5/21/2016,443.19
5/22/2016,439.32
5/23/2016,444.15
5/24/2016,445.98
5/25/2016,449.60
5/26/2016,453.38
5/27/2016,473.46
5/28/2016,530.04
5/29/2016,526.23
5/30/2016,533.86
5/31/2016,531.39
6/1/2016,536.92
6/2/2016,537.97
6/3/2016,569.19
6/4/2016,572.73
6/5/2016,574.98
6/6/2016,585.54
6/7/2016,576.60
6/8/2016,581.65
6/9/2016,574.63
6/10/2016,577.47
6/11/2016,606.73
6/12/2016,672.78
6/13/2016,704.38
6/14/2016,685.56
6/15/2016,694.47
6/16/2016,766.31
6/17/2016,748.91
6/18/2016,756.23
6/19/2016,763.78
6/20/2016,737.23
6/21/2016,666.65
6/22/2016,596.12
6/23/2016,623.98
6/24/2016,665.30
6/25/2016,665.12
6/26/2016,629.37
6/27/2016,655.28
6/28/2016,647.00
6/29/2016,639.89
6/30/2016,673.34
7/1/2016,676.30
7/2/2016,703.70
7/3/2016,658.66
7/4/2016,683.66
7/5/2016,670.63
7/6/2016,677.33
7/7/2016,640.56
7/8/2016,666.52
7/9/2016,650.96
7/10/2016,649.36
7/11/2016,647.66
7/12/2016,664.55
7/13/2016,654.47
7/14/2016,658.08
7/15/2016,663.26
7/16/2016,660.77
7/17/2016,679.46
7/18/2016,673.11
7/19/2016,672.86
7/20/2016,665.68
7/21/2016,665.01
7/22/2016,650.62
7/23/2016,655.56
7/24/2016,661.28
7/25/2016,654.10
7/26/2016,651.78
7/27/2016,654.35
7/28/2016,655.03
7/29/2016,656.99
7/30/2016,655.05
7/31/2016,624.68
8/1/2016,606.27
8/2/2016,547.47
8/3/2016,566.35
8/4/2016,578.29
8/5/2016,575.04
8/6/2016,587.78
8/7/2016,592.69
8/8/2016,591.05
8/9/2016,587.80
8/10/2016,592.10
8/11/2016,589.12
8/12/2016,587.56
8/13/2016,585.59
8/14/2016,570.47
8/15/2016,567.24
8/16/2016,577.44
8/17/2016,573.22
8/18/2016,574.32
8/19/2016,575.63
8/20/2016,581.70
8/21/2016,581.31
8/22/2016,586.75
8/23/2016,583.41
8/24/2016,580.18
8/25/2016,577.76
8/26/2016,579.65
8/27/2016,569.95
8/28/2016,573.91
8/29/2016,574.11
8/30/2016,577.50
8/31/2016,575.47
9/1/2016,572.30
9/2/2016,575.54
9/3/2016,598.21
9/4/2016,608.63
9/5/2016,606.59
9/6/2016,610.44
9/7/2016,614.54
9/8/2016,626.32
9/9/2016,622.86
9/10/2016,623.51
9/11/2016,606.72
9/12/2016,608.24
9/13/2016,609.24
9/14/2016,610.68
9/15/2016,607.16
9/16/2016,606.97
9/17/2016,605.98
9/18/2016,609.87
9/19/2016,609.23
9/20/2016,608.31
9/21/2016,597.15
9/22/2016,596.30
9/23/2016,602.84
9/24/2016,602.63
9/25/2016,600.83
9/26/2016,608.04
9/27/2016,606.17
9/28/2016,604.73
9/29/2016,605.69
9/30/2016,609.73
10/1/2016,613.98
10/2/2016,610.89
10/3/2016,612.13
10/4/2016,610.20
10/5/2016,612.51
10/6/2016,613.02
10/7/2016,617.12
10/8/2016,619.11
10/9/2016,616.75
10/10/2016,618.99
10/11/2016,641.07
10/12/2016,636.19
10/13/2016,636.79
10/14/2016,640.38
10/15/2016,638.65
10/16/2016,641.63
10/17/2016,639.19
10/18/2016,637.96
10/19/2016,630.52
10/20/2016,630.86
10/21/2016,632.83
10/22/2016,657.29
10/23/2016,657.07
10/24/2016,653.76
10/25/2016,657.59
10/26/2016,678.30
10/27/2016,688.31
10/28/2016,689.65
10/29/2016,714.48
10/30/2016,701.86
10/31/2016,700.97
11/1/2016,729.79
11/2/2016,740.83
11/3/2016,688.70
11/4/2016,703.23
11/5/2016,703.42
11/6/2016,711.52
11/7/2016,703.13
11/8/2016,709.85
11/9/2016,723.27
11/10/2016,715.53
11/11/2016,716.41
11/12/2016,705.05
11/13/2016,702.03
11/14/2016,705.02
11/15/2016,711.62
11/16/2016,744.20
11/17/2016,740.98
11/18/2016,751.59
11/19/2016,751.62
11/20/2016,731.03
11/21/2016,739.25
11/22/2016,751.35
11/23/2016,744.59
11/24/2016,740.29
11/25/2016,741.65
11/26/2016,735.38
11/27/2016,732.03
11/28/2016,735.81
11/29/2016,735.60
11/30/2016,745.69
12/1/2016,756.77
12/2/2016,777.94
12/3/2016,771.16
12/4/2016,773.87
12/5/2016,758.70
12/6/2016,764.22
12/7/2016,768.13
12/8/2016,770.81
12/9/2016,772.79
12/10/2016,774.65
12/11/2016,769.73
12/12/2016,780.09
12/13/2016,780.56
12/14/2016,781.48
12/15/2016,778.09
12/16/2016,784.91
12/17/2016,790.83
12/18/2016,790.53
12/19/2016,792.71
12/20/2016,800.88
12/21/2016,834.28
12/22/2016,864.54
12/23/2016,921.98
12/24/2016,898.82
12/25/2016,896.18
12/26/2016,907.61
12/27/2016,933.20
12/28/2016,975.92
12/29/2016,973.50
12/30/2016,961.24
12/31/2016,963.74
1/1/2017,998.33
1/2/2017,"1,021.75"
1/3/2017,"1,043.84"
1/4/2017,"1,154.73"
1/5/2017,"1,013.38"
1/6/2017,902.20
1/7/2017,908.59
1/8/2017,911.20
1/9/2017,902.83
1/10/2017,907.68
1/11/2017,777.76
1/12/2017,804.83
1/13/2017,823.98
1/14/2017,818.41
1/15/2017,821.80
1/16/2017,831.53
1/17/2017,907.94
1/18/2017,886.62
1/19/2017,899.07
1/20/2017,895.03
1/21/2017,921.79
1/22/2017,924.67
1/23/2017,921.01
1/24/2017,892.69
1/25/2017,901.54
1/26/2017,917.59
1/27/2017,919.75
1/28/2017,921.59
1/29/2017,919.50
1/30/2017,920.38
1/31/2017,970.40
2/1/2017,989.02
2/2/2017,"1,011.80"
2/3/2017,"1,029.91"
2/4/2017,"1,042.90"
2/5/2017,"1,027.34"
2/6/2017,"1,038.15"
2/7/2017,"1,061.35"
2/8/2017,"1,063.07"
2/9/2017,994.38
2/10/2017,988.67
2/11/2017,"1,004.45"
2/12/2017,999.18
2/13/2017,990.64
2/14/2017,"1,004.55"
2/15/2017,"1,007.48"
2/16/2017,"1,027.44"
2/17/2017,"1,046.21"
2/18/2017,"1,054.42"
2/19/2017,"1,047.87"
2/20/2017,"1,079.98"
2/21/2017,"1,115.30"
2/22/2017,"1,117.44"
2/23/2017,"1,166.72"
2/24/2017,"1,173.68"
2/25/2017,"1,143.84"
2/26/2017,"1,165.20"
2/27/2017,"1,179.97"
2/28/2017,"1,179.97"
3/1/2017,"1,222.50"
3/2/2017,"1,251.01"
3/3/2017,"1,274.99"
3/4/2017,"1,255.15"
3/5/2017,"1,267.12"
3/6/2017,"1,272.83"
3/7/2017,"1,223.54"
3/8/2017,"1,150.00"
3/9/2017,"1,188.49"
3/10/2017,"1,116.72"
3/11/2017,"1,175.83"
3/12/2017,"1,221.38"
3/13/2017,"1,231.92"
3/14/2017,"1,240.00"
3/15/2017,"1,249.61"
3/16/2017,"1,187.81"
3/17/2017,"1,100.23"
3/18/2017,973.82
3/19/2017,"1,036.74"
3/20/2017,"1,054.23"
3/21/2017,"1,120.54"
3/22/2017,"1,049.14"
3/23/2017,"1,038.59"
3/24/2017,937.52
3/25/2017,972.78
3/26/2017,966.72
3/27/2017,"1,045.77"
3/28/2017,"1,047.15"
3/29/2017,"1,039.97"
3/30/2017,"1,026.43"
3/31/2017,"1,071.79"
4/1/2017,"1,080.50"
4/2/2017,"1,102.17"
4/3/2017,"1,143.81"
4/4/2017,"1,133.25"
4/5/2017,"1,124.78"
4/6/2017,"1,182.68"
4/7/2017,"1,176.90"
4/8/2017,"1,175.95"
4/9/2017,"1,187.87"
4/10/2017,"1,187.13"
4/11/2017,"1,205.01"
4/12/2017,"1,200.37"
4/13/2017,"1,169.28"
4/14/2017,"1,167.54"
4/15/2017,"1,172.52"
4/16/2017,"1,182.94"
4/17/2017,"1,193.91"
4/18/2017,"1,211.67"
4/19/2017,"1,210.29"
4/20/2017,"1,229.08"
4/21/2017,"1,222.05"
4/22/2017,"1,231.71"
4/23/2017,"1,207.21"
4/24/2017,"1,250.15"
4/25/2017,"1,265.49"
4/26/2017,"1,281.08"
4/27/2017,"1,317.73"
4/28/2017,"1,316.48"
4/29/2017,"1,321.79"
4/30/2017,"1,347.89"
5/1/2017,"1,421.60"
5/2/2017,"1,452.82"
5/3/2017,"1,490.09"
5/4/2017,"1,537.67"
5/5/2017,"1,555.45"
5/6/2017,"1,578.80"
5/7/2017,"1,596.71"
5/8/2017,"1,723.35"
5/9/2017,"1,755.36"
5/10/2017,"1,787.13"
5/11/2017,"1,848.57"
5/12/2017,"1,724.24"
5/13/2017,"1,804.91"
5/14/2017,"1,808.91"
5/15/2017,"1,738.43"
5/16/2017,"1,734.45"
5/17/2017,"1,839.09"
5/18/2017,"1,888.65"
5/19/2017,"1,987.71"
5/20/2017,"2,084.73"
5/21/2017,"2,041.20"
5/22/2017,"2,173.40"
5/23/2017,"2,320.42"
5/24/2017,"2,443.64"
5/25/2017,"2,304.98"
5/26/2017,"2,202.42"
5/27/2017,"2,038.87"
5/28/2017,"2,155.80"
5/29/2017,"2,255.61"
5/30/2017,"2,175.47"
5/31/2017,"2,286.41"
6/1/2017,"2,407.88"
6/2/2017,"2,488.55"
6/3/2017,"2,515.35"
6/4/2017,"2,511.81"
6/5/2017,"2,686.81"
6/6/2017,"2,863.20"
6/7/2017,"2,732.16"
6/8/2017,"2,805.62"
6/9/2017,"2,823.81"
6/10/2017,"2,947.71"
6/11/2017,"2,958.11"
6/12/2017,"2,659.63"
6/13/2017,"2,717.02"
6/14/2017,"2,506.37"
6/15/2017,"2,464.58"
6/16/2017,"2,518.56"
6/17/2017,"2,655.88"
6/18/2017,"2,548.29"
6/19/2017,"2,589.60"
6/20/2017,"2,721.79"
6/21/2017,"2,689.10"
6/22/2017,"2,705.41"
6/23/2017,"2,744.91"
6/24/2017,"2,608.72"
6/25/2017,"2,589.41"
6/26/2017,"2,478.45"
6/27/2017,"2,552.45"
6/28/2017,"2,574.79"
6/29/2017,"2,539.32"
6/30/2017,"2,480.84"
7/1/2017,"2,434.55"
7/2/2017,"2,506.47"
7/3/2017,"2,564.06"
7/4/2017,"2,601.64"
7/5/2017,"2,601.99"
7/6/2017,"2,608.56"
7/7/2017,"2,518.66"
7/8/2017,"2,571.34"
7/9/2017,"2,518.44"
7/10/2017,"2,372.56"
7/11/2017,"2,337.79"
7/12/2017,"2,398.84"
7/13/2017,"2,357.90"
7/14/2017,"2,233.34"
7/15/2017,"1,998.86"
7/16/2017,"1,929.82"
7/17/2017,"2,228.41"
7/18/2017,"2,318.88"
7/19/2017,"2,273.43"
7/20/2017,"2,817.60"
7/21/2017,"2,667.76"
7/22/2017,"2,810.12"
7/23/2017,"2,730.40"
7/24/2017,"2,754.86"
7/25/2017,"2,576.48"
7/26/2017,"2,529.45"
7/27/2017,"2,671.78"
7/28/2017,"2,809.01"
7/29/2017,"2,726.45"
7/30/2017,"2,757.18"
7/31/2017,"2,875.34"
8/1/2017,"2,718.26"
8/2/2017,"2,710.67"
8/3/2017,"2,804.73"
8/4/2017,"2,895.89"
8/5/2017,"3,252.91"
8/6/2017,"3,213.94"
8/7/2017,"3,378.94"
8/8/2017,"3,419.94"
8/9/2017,"3,342.47"
8/10/2017,"3,381.28"
8/11/2017,"3,650.62"
8/12/2017,"3,884.71"
8/13/2017,"4,073.26"
8/14/2017,"4,325.13"
8/15/2017,"4,181.93"
8/16/2017,"4,376.63"
8/17/2017,"4,331.69"
8/18/2017,"4,160.62"
8/19/2017,"4,193.70"
8/20/2017,"4,087.66"
8/21/2017,"4,001.74"
8/22/2017,"4,100.52"
8/23/2017,"4,151.52"
8/24/2017,"4,334.68"
8/25/2017,"4,371.60"
8/26/2017,"4,352.40"
8/27/2017,"4,382.88"
8/28/2017,"4,382.66"
8/29/2017,"4,579.02"
8/30/2017,"4,565.30"
8/31/2017,"4,703.39"
9/1/2017,"4,892.01"
9/2/2017,"4,578.77"
9/3/2017,"4,582.96"
9/4/2017,"4,236.31"
9/5/2017,"4,376.53"
9/6/2017,"4,597.12"
9/7/2017,"4,599.88"
9/8/2017,"4,228.75"
9/9/2017,"4,226.06"
9/10/2017,"4,122.94"
9/11/2017,"4,161.27"
9/12/2017,"4,130.81"
9/13/2017,"3,882.59"
9/14/2017,"3,154.95"
9/15/2017,"3,637.52"
9/16/2017,"3,625.04"
9/17/2017,"3,582.88"
9/18/2017,"4,065.20"
9/19/2017,"3,924.97"
9/20/2017,"3,905.95"
9/21/2017,"3,631.04"
9/22/2017,"3,630.70"
9/23/2017,"3,792.40"
9/24/2017,"3,682.84"
9/25/2017,"3,926.07"
9/26/2017,"3,892.35"
9/27/2017,"4,200.67"
9/28/2017,"4,174.73"
9/29/2017,"4,163.07"
9/30/2017,"4,338.71"
10/1/2017,"4,403.74"
10/2/2017,"4,409.32"
10/3/2017,"4,317.48"
10/4/2017,"4,229.36"
10/5/2017,"4,328.41"
10/6/2017,"4,370.81"
10/7/2017,"4,426.89"
10/8/2017,"4,610.48"
10/9/2017,"4,772.02"
10/10/2017,"4,781.99"
10/11/2017,"4,826.48"
10/12/2017,"5,446.91"
10/13/2017,"5,647.21"
10/14/2017,"5,831.79"
10/15/2017,"5,678.19"
10/16/2017,"5,725.59"
10/17/2017,"5,605.51"
10/18/2017,"5,590.69"
10/19/2017,"5,708.52"
10/20/2017,"6,011.45"
10/21/2017,"6,031.60"
10/22/2017,"6,008.42"
10/23/2017,"5,930.32"
10/24/2017,"5,526.64"
10/25/2017,"5,750.80"
10/26/2017,"5,904.83"
10/27/2017,"5,780.90"
10/28/2017,"5,753.09"
10/29/2017,"6,153.85"
10/30/2017,"6,130.53"
10/31/2017,"6,468.40"
11/1/2017,"6,767.31"
11/2/2017,"7,078.50"
11/3/2017,"7,207.76"
11/4/2017,"7,379.95"
11/5/2017,"7,407.41"
11/6/2017,"7,022.76"
11/7/2017,"7,144.38"
11/8/2017,"7,459.69"
11/9/2017,"7,143.58"
11/10/2017,"6,618.14"
11/11/2017,"6,357.60"
11/12/2017,"5,950.07"
11/13/2017,"6,559.49"
11/14/2017,"6,635.75"
11/15/2017,"7,315.54"
11/16/2017,"7,871.69"
11/17/2017,"7,708.99"
11/18/2017,"7,790.15"
11/19/2017,"8,036.49"
11/20/2017,"8,200.64"
11/21/2017,"8,071.26"
11/22/2017,"8,253.55"
11/23/2017,"8,038.77"
11/24/2017,"8,253.69"
11/25/2017,"8,790.92"
11/26/2017,"9,330.55"
11/27/2017,"9,818.35"
11/28/2017,"10,058.80"
11/29/2017,"9,888.61"
11/30/2017,"10,233.60"
12/1/2017,"10,975.60"
12/2/2017,"11,074.60"
12/3/2017,"11,323.20"
12/4/2017,"11,657.20"
12/5/2017,"11,916.70"
12/6/2017,"14,291.50"
12/7/2017,"17,899.70"
12/8/2017,"16,569.40"
12/9/2017,"15,178.20"
12/10/2017,"15,455.40"
12/11/2017,"16,936.80"
12/12/2017,"17,415.40"
12/13/2017,"16,408.20"
12/14/2017,"16,564.00"
12/15/2017,"17,706.90"
12/16/2017,"19,497.40"
12/17/2017,"19,140.80"
12/18/2017,"19,114.20"
12/19/2017,"17,776.70"
12/20/2017,"16,624.60"
12/21/2017,"15,802.90"
12/22/2017,"13,831.80"
12/23/2017,"14,699.20"
12/24/2017,"13,925.80"
12/25/2017,"14,026.60"
12/26/2017,"16,099.80"
12/27/2017,"15,838.50"
12/28/2017,"14,606.50"
12/29/2017,"14,656.20"
12/30/2017,"12,952.20"
12/31/2017,"14,156.40"
1/1/2018,"13,657.20"
1/2/2018,"14,982.10"
1/3/2018,"15,201.00"
1/4/2018,"15,599.20"
1/5/2018,"17,429.50"
1/6/2018,"17,527.00"
1/7/2018,"16,477.60"
1/8/2018,"15,170.10"
1/9/2018,"14,595.40"
1/10/2018,"14,973.30"
1/11/2018,"13,405.80"
1/12/2018,"13,980.60"
1/13/2018,"14,360.20"
1/14/2018,"13,772.00"
1/15/2018,"13,819.80"
1/16/2018,"11,490.50"
1/17/2018,"11,188.60"
1/18/2018,"11,474.90"
1/19/2018,"11,607.40"
1/20/2018,"12,899.20"
1/21/2018,"11,600.10"
1/22/2018,"10,931.40"
1/23/2018,"10,868.40"
1/24/2018,"11,359.40"
1/25/2018,"11,259.40"
1/26/2018,"11,171.40"
1/27/2018,"11,440.70"
1/28/2018,"11,786.30"
1/29/2018,"11,296.40"
1/30/2018,"10,106.30"
1/31/2018,"10,221.10"
2/1/2018,"9,170.54"
2/2/2018,"8,830.75"
2/3/2018,"9,174.91"
2/4/2018,"8,277.01"
2/5/2018,"6,955.27"
2/6/2018,"7,754.00"
2/7/2018,"7,621.30"
2/8/2018,"8,265.59"
2/9/2018,"8,736.98"
2/10/2018,"8,621.90"
2/11/2018,"8,129.97"
2/12/2018,"8,926.57"
2/13/2018,"8,598.31"
2/14/2018,"9,494.63"
2/15/2018,"10,166.40"
2/16/2018,"10,233.90"
2/17/2018,"11,112.70"
2/18/2018,"10,551.80"
2/19/2018,"11,225.30"
2/20/2018,"11,403.70"
2/21/2018,"10,690.40"
2/22/2018,"10,005.00"
2/23/2018,"10,301.10"
2/24/2018,"9,813.07"
2/25/2018,"9,664.73"
2/26/2018,"10,366.70"
2/27/2018,"10,725.60"
2/28/2018,"10,397.90"
3/1/2018,"10,951.00"
3/2/2018,"11,086.40"
3/3/2018,"11,489.70"
3/4/2018,"11,512.60"
3/5/2018,"11,573.30"
3/6/2018,"10,779.90"
3/7/2018,"9,965.57"
3/8/2018,"9,395.01"
3/9/2018,"9,337.55"
3/10/2018,"8,866.00"
3/11/2018,"9,578.63"
3/12/2018,"9,205.12"
3/13/2018,"9,194.85"
3/14/2018,"8,269.81"
3/15/2018,"8,300.86"
3/16/2018,"8,338.35"
3/17/2018,"7,916.88"
3/18/2018,"8,223.68"
3/19/2018,"8,630.65"
3/20/2018,"8,913.47"
3/21/2018,"8,929.28"
3/22/2018,"8,728.47"
3/23/2018,"8,879.62"
3/24/2018,"8,668.12"
3/25/2018,"8,495.78"
3/26/2018,"8,209.40"
3/27/2018,"7,833.04"
3/28/2018,"7,954.48"
3/29/2018,"7,165.70"
3/30/2018,"6,890.52"
3/31/2018,"6,973.53"
4/1/2018,"6,844.23"
4/2/2018,"7,083.80"
4/3/2018,"7,456.11"
4/4/2018,"6,853.84"
4/5/2018,"6,811.47"
4/6/2018,"6,636.32"
4/7/2018,"6,911.09"
4/8/2018,"7,023.52"
4/9/2018,"6,770.73"
4/10/2018,"6,834.76"
4/11/2018,"6,968.32"
4/12/2018,"7,889.25"
4/13/2018,"7,895.96"
4/14/2018,"7,986.24"
4/15/2018,"8,329.11"
4/16/2018,"8,058.67"
4/17/2018,"7,902.09"
4/18/2018,"8,163.42"
4/19/2018,"8,294.31"
4/20/2018,"8,845.83"
4/21/2018,"8,895.58"
4/22/2018,"8,802.46"
4/23/2018,"8,930.88"
4/24/2018,"9,697.50"
4/25/2018,"8,845.74"
4/26/2018,"9,281.51"
4/27/2018,"8,987.05"
4/28/2018,"9,348.48"
4/29/2018,"9,419.08"
4/30/2018,"9,240.55"
5/1/2018,"9,119.01"
5/2/2018,"9,235.92"
5/3/2018,"9,743.86"
5/4/2018,"9,700.76"
5/5/2018,"9,858.15"
5/6/2018,"9,654.80"
5/7/2018,"9,373.01"
5/8/2018,"9,234.82"
5/9/2018,"9,325.18"
5/10/2018,"9,043.94"
5/11/2018,"8,441.49"
5/12/2018,"8,504.89"
5/13/2018,"8,723.94"
5/14/2018,"8,716.79"
5/15/2018,"8,510.38"
5/16/2018,"8,368.83"
5/17/2018,"8,094.32"
5/18/2018,"8,250.97"
5/19/2018,"8,247.18"
5/20/2018,"8,513.25"
5/21/2018,"8,418.99"
5/22/2018,"8,041.78"
5/23/2018,"7,557.82"
5/24/2018,"7,587.34"
5/25/2018,"7,480.14"
5/26/2018,"7,355.88"
5/27/2018,"7,368.22"
5/28/2018,"7,135.99"
5/29/2018,"7,472.59"
5/30/2018,"7,406.52"
5/31/2018,"7,494.17"
6/1/2018,"7,541.45"
6/2/2018,"7,643.45"
6/3/2018,"7,720.25"
6/4/2018,"7,514.47"
6/5/2018,"7,633.76"
6/6/2018,"7,653.98"
6/7/2018,"7,678.24"
6/8/2018,"7,624.92"
6/9/2018,"7,531.98"
6/10/2018,"6,786.02"
6/11/2018,"6,906.92"
6/12/2018,"6,582.36"
6/13/2018,"6,349.90"
6/14/2018,"6,675.35"
6/15/2018,"6,456.58"
6/16/2018,"6,550.16"
6/17/2018,"6,499.27"
6/18/2018,"6,734.82"
6/19/2018,"6,769.94"
6/20/2018,"6,776.55"
6/21/2018,"6,729.74"
6/22/2018,"6,083.69"
6/23/2018,"6,162.48"
6/24/2018,"6,173.23"
6/25/2018,"6,249.18"
6/26/2018,"6,093.67"
6/27/2018,"6,157.13"
6/28/2018,"5,903.44"
6/29/2018,"6,218.30"
6/30/2018,"6,404.00"
7/1/2018,"6,385.82"
7/2/2018,"6,614.18"
7/3/2018,"6,529.59"
7/4/2018,"6,597.55"
7/5/2018,"6,639.14"
7/6/2018,"6,673.50"
7/7/2018,"6,856.93"
7/8/2018,"6,773.88"
7/9/2018,"6,741.75"
7/10/2018,"6,329.95"
7/11/2018,"6,394.71"
7/12/2018,"6,228.81"
7/13/2018,"6,238.05"
7/14/2018,"6,276.12"
7/15/2018,"6,359.64"
7/16/2018,"6,741.75"
7/17/2018,"7,321.04"
7/18/2018,"7,370.78"
7/19/2018,"7,466.86"
7/20/2018,"7,354.13"
7/21/2018,"7,419.29"
7/22/2018,"7,418.49"
7/23/2018,"7,711.11"
7/24/2018,"8,424.27"
7/25/2018,"8,181.39"
7/26/2018,"7,951.58"
7/27/2018,"8,165.01"
7/28/2018,"8,192.15"
7/29/2018,"8,218.46"
7/30/2018,"8,180.48"
7/31/2018,"7,780.44"
8/1/2018,"7,624.91"
8/2/2018,"7,567.15"
8/3/2018,"7,434.39"
8/4/2018,"7,032.85"
8/5/2018,"7,068.48"
8/6/2018,"6,951.80"
8/7/2018,"6,753.12"
8/8/2018,"6,305.80"
8/9/2018,"6,568.23"
8/10/2018,"6,184.71"
8/11/2018,"6,295.73"
8/12/2018,"6,322.69"
8/13/2018,"6,297.57"
8/14/2018,"6,199.71"
8/15/2018,"6,308.52"
8/16/2018,"6,334.73"
8/17/2018,"6,580.63"
8/18/2018,"6,423.76"
8/19/2018,"6,506.07"
8/20/2018,"6,308.53"
8/21/2018,"6,488.76"
8/22/2018,"6,376.71"
8/23/2018,"6,534.88"
8/24/2018,"6,719.96"
8/25/2018,"6,763.19"
8/26/2018,"6,707.26"
8/27/2018,"6,884.64"
8/28/2018,"7,096.28"
8/29/2018,"7,047.16"
8/30/2018,"6,978.23"
8/31/2018,"7,037.58"
9/1/2018,"7,193.25"
9/2/2018,"7,272.72"
9/3/2018,"7,260.06"
9/4/2018,"7,361.66"
9/5/2018,"6,792.83"
9/6/2018,"6,529.17"
9/7/2018,"6,467.07"
9/8/2018,"6,225.98"
9/9/2018,"6,300.86"
9/10/2018,"6,329.70"
9/11/2018,"6,321.20"
9/12/2018,"6,351.80"
9/13/2018,"6,517.31"
9/14/2018,"6,512.71"
9/15/2018,"6,543.20"
9/16/2018,"6,517.18"
9/17/2018,"6,281.20"
9/18/2018,"6,371.30"
9/19/2018,"6,398.54"
9/20/2018,"6,519.67"
9/21/2018,"6,734.95"
9/22/2018,"6,721.98"
9/23/2018,"6,710.63"
9/24/2018,"6,595.41"
9/25/2018,"6,446.47"
9/26/2018,"6,495.00"
9/27/2018,"6,676.75"
9/28/2018,"6,644.13"
9/29/2018,"6,601.96"
9/30/2018,"6,625.56"
10/1/2018,"6,589.62"
10/2/2018,"6,556.10"
10/3/2018,"6,502.59"
10/4/2018,"6,576.69"
10/5/2018,"6,622.48"
10/6/2018,"6,588.31"
10/7/2018,"6,602.95"
10/8/2018,"6,652.23"
10/9/2018,"6,642.64"
10/10/2018,"6,585.53"
10/11/2018,"6,256.24"
10/12/2018,"6,274.58"
10/13/2018,"6,285.99"
10/14/2018,"6,290.93"
10/15/2018,"6,596.54"
10/16/2018,"6,596.11"
10/17/2018,"6,544.43"
10/18/2018,"6,476.71"
10/19/2018,"6,465.41"
10/20/2018,"6,489.19"
10/21/2018,"6,482.35"
10/22/2018,"6,487.16"
10/23/2018,"6,475.74"
10/24/2018,"6,495.84"
10/25/2018,"6,476.29"
10/26/2018,"6,474.75"
10/27/2018,"6,480.38"
10/28/2018,"6,486.39"
10/29/2018,"6,332.63"
10/30/2018,"6,334.27"
10/31/2018,"6,317.61"
11/1/2018,"6,377.78"
11/2/2018,"6,388.44"
11/3/2018,"6,361.26"
11/4/2018,"6,376.13"
11/5/2018,"6,419.66"
11/6/2018,"6,461.01"
11/7/2018,"6,530.14"
11/8/2018,"6,453.72"
11/9/2018,"6,385.62"
11/10/2018,"6,409.22"
11/11/2018,"6,411.27"
11/12/2018,"6,371.27"
11/13/2018,"6,359.49"
11/14/2018,"5,738.35"
11/15/2018,"5,648.03"
11/16/2018,"5,575.55"
11/17/2018,"5,554.33"
11/18/2018,"5,623.54"
11/19/2018,"4,871.49"
11/20/2018,"4,451.87"
11/21/2018,"4,602.17"
11/22/2018,"4,365.94"
11/23/2018,"4,347.11"
11/24/2018,"3,880.76"
11/25/2018,"4,009.97"
11/26/2018,"3,779.13"
11/27/2018,"3,820.72"
11/28/2018,"4,257.42"
11/29/2018,"4,278.85"
11/30/2018,"4,017.27"
12/1/2018,"4,214.67"
12/2/2018,"4,139.88"
12/3/2018,"3,894.13"
12/4/2018,"3,956.89"
12/5/2018,"3,753.99"
12/6/2018,"3,521.10"
12/7/2018,"3,419.94"
12/8/2018,"3,476.11"
12/9/2018,"3,614.23"
12/10/2018,"3,502.66"
12/11/2018,"3,424.59"
12/12/2018,"3,486.95"
12/13/2018,"3,313.68"
12/14/2018,"3,242.48"
12/15/2018,"3,236.76"
12/16/2018,"3,252.84"
12/17/2018,"3,545.86"
12/18/2018,"3,696.06"
12/19/2018,"3,745.95"
12/20/2018,"4,134.44"
12/21/2018,"3,896.54"
12/22/2018,"4,014.18"
12/23/2018,"3,998.98"
12/24/2018,"4,078.60"
12/25/2018,"3,815.49"
12/26/2018,"3,857.30"
12/27/2018,"3,654.83"
12/28/2018,"3,923.92"
12/29/2018,"3,820.41"
12/30/2018,"3,865.95"
12/31/2018,"3,742.70"
1/1/2019,"3,843.52"
1/2/2019,"3,943.41"
1/3/2019,"3,836.74"
1/4/2019,"3,857.72"
1/5/2019,"3,845.19"
1/6/2019,"4,076.63"
1/7/2019,"4,025.25"
1/8/2019,"4,030.85"
1/9/2019,"4,035.30"
1/10/2019,"3,678.92"
1/11/2019,"3,687.37"
1/12/2019,"3,661.30"
1/13/2019,"3,552.95"
1/14/2019,"3,706.05"
1/15/2019,"3,630.68"
1/16/2019,"3,655.01"
1/17/2019,"3,678.56"
1/18/2019,"3,657.84"
1/19/2019,"3,728.57"
1/20/2019,"3,601.01"
1/21/2019,"3,576.03"
1/22/2019,"3,604.58"
1/23/2019,"3,585.12"
1/24/2019,"3,600.87"
1/25/2019,"3,599.77"
1/26/2019,"3,602.46"
1/27/2019,"3,583.97"
1/28/2019,"3,470.45"
1/29/2019,"3,448.12"
1/30/2019,"3,486.18"
1/31/2019,"3,457.79"
2/1/2019,"3,487.95"
2/2/2019,"3,521.06"
2/3/2019,"3,464.01"
2/4/2019,"3,459.15"
2/5/2019,"3,466.36"
2/6/2019,"3,413.77"
2/7/2019,"3,399.47"
2/8/2019,"3,666.78"
2/9/2019,"3,671.20"
2/10/2019,"3,690.19"
2/11/2019,"3,648.43"
2/12/2019,"3,653.53"
2/13/2019,"3,632.07"
2/14/2019,"3,616.88"
2/15/2019,"3,620.81"
2/16/2019,"3,629.79"
2/17/2019,"3,673.84"
2/18/2019,"3,915.71"
2/19/2019,"3,947.09"
2/20/2019,"3,999.82"
2/21/2019,"3,954.12"
2/22/2019,"4,005.53"
2/23/2019,"4,142.53"
2/24/2019,"3,810.43"
2/25/2019,"3,882.70"
2/26/2019,"3,854.36"
2/27/2019,"3,851.05"
2/28/2019,"3,854.79"
3/1/2019,"3,859.58"
3/2/2019,"3,864.42"
3/3/2019,"3,847.18"
3/4/2019,"3,761.56"
3/5/2019,"3,896.38"
3/6/2019,"3,903.94"
3/7/2019,"3,911.48"
3/8/2019,"3,901.13"
3/9/2019,"3,963.31"
3/10/2019,"3,951.60"
3/11/2019,"3,905.23"
3/12/2019,"3,909.16"
3/13/2019,"3,906.72"
3/14/2019,"3,924.37"
3/15/2019,"3,960.91"
3/16/2019,"4,048.73"
3/17/2019,"4,025.23"
3/18/2019,"4,032.51"
3/19/2019,"4,071.19"
3/20/2019,"4,087.48"
3/21/2019,"4,029.33"
3/22/2019,"4,023.97"
3/23/2019,"4,035.83"
3/24/2019,"4,022.17"
3/25/2019,"3,963.07"
3/26/2019,"3,985.08"
3/27/2019,"4,087.07"
3/28/2019,"4,069.11"
3/29/2019,"4,098.37"
3/30/2019,"4,106.66"
3/31/2019,"4,105.40"
4/1/2019,"4,158.18"
4/2/2019,"4,879.88"
4/3/2019,"4,973.02"
4/4/2019,"4,922.80"
4/5/2019,"5,036.68"
4/6/2019,"5,059.82"
4/7/2019,"5,198.90"
4/8/2019,"5,289.77"
4/9/2019,"5,204.96"
4/10/2019,"5,324.55"
4/11/2019,"5,064.49"
4/12/2019,"5,089.54"
4/13/2019,"5,096.59"
4/14/2019,"5,167.72"
4/15/2019,"5,067.11"
4/16/2019,"5,235.56"
4/17/2019,"5,251.94"
4/18/2019,"5,298.39"
4/19/2019,"5,303.81"
4/20/2019,"5,337.89"
4/21/2019,"5,314.53"
4/22/2019,"5,399.37"
4/23/2019,"5,572.36"
4/24/2019,"5,464.87"
4/25/2019,"5,210.52"
4/26/2019,"5,279.35"
4/27/2019,"5,268.29"
4/28/2019,"5,285.14"
4/29/2019,"5,247.35"
4/30/2019,"5,350.73"
5/1/2019,"5,402.70"
5/2/2019,"5,505.28"
5/3/2019,"5,768.29"
5/4/2019,"5,831.17"
5/5/2019,"5,795.71"
5/6/2019,"5,746.81"
5/7/2019,"5,829.50"
5/8/2019,"5,982.46"
5/9/2019,"6,174.53"
5/10/2019,"6,378.85"
5/11/2019,"7,204.77"
5/12/2019,"6,972.37"
5/13/2019,"7,814.92"
5/14/2019,"7,994.42"
5/15/2019,"8,205.17"
5/16/2019,"7,884.91"
5/17/2019,"7,343.90"
5/18/2019,"7,271.21"
5/19/2019,"8,197.69"
5/20/2019,"7,978.31"
5/21/2019,"7,963.33"
5/22/2019,"7,680.07"
5/23/2019,"7,881.85"
5/24/2019,"7,987.37"
5/25/2019,"8,052.54"
5/26/2019,"8,673.22"
5/27/2019,"8,805.78"
5/28/2019,"8,719.96"
5/29/2019,"8,659.49"
5/30/2019,"8,319.47"
5/31/2019,"8,574.50"
6/1/2019,"8,564.02"
6/2/2019,"8,742.96"
6/3/2019,"8,209.00"
6/4/2019,"7,707.77"
6/5/2019,"7,824.23"
6/6/2019,"7,822.02"
6/7/2019,"8,043.95"
6/8/2019,"7,954.13"
6/9/2019,"7,688.08"
6/10/2019,"8,000.33"
6/11/2019,"7,927.71"
6/12/2019,"8,145.86"
6/13/2019,"8,230.92"
6/14/2019,"8,693.83"
6/15/2019,"8,838.38"
6/16/2019,"8,994.49"
6/17/2019,"9,320.35"
6/18/2019,"9,081.76"
6/19/2019,"9,273.52"
6/20/2019,"9,527.16"
6/21/2019,"10,144.56"
6/22/2019,"10,701.69"
6/23/2019,"10,855.37"
6/24/2019,"11,011.10"
6/25/2019,"11,790.92"
6/26/2019,"13,016.23"
6/27/2019,"11,182.81"
6/28/2019,"12,407.33"
6/29/2019,"11,959.37"
6/30/2019,"10,817.16"
7/1/2019,"10,583.13"
7/2/2019,"10,801.68"
7/3/2019,"11,961.27"
7/4/2019,"11,215.44"
7/5/2019,"10,978.46"
7/6/2019,"11,208.55"
7/7/2019,"11,450.85"
7/8/2019,"12,285.96"
7/9/2019,"12,573.81"
7/10/2019,"12,156.51"
7/11/2019,"11,358.66"
7/12/2019,"11,815.99"
7/13/2019,"11,392.38"
7/14/2019,"10,256.06"
7/15/2019,"10,895.09"
7/16/2019,"9,477.64"
7/17/2019,"9,693.80"
7/18/2019,"10,666.48"
7/19/2019,"10,530.73"
7/20/2019,"10,767.14"
7/21/2019,"10,599.11"
7/22/2019,"10,343.11"
7/23/2019,"9,900.77"
7/24/2019,"9,811.93"
7/25/2019,"9,911.84"
7/26/2019,"9,870.30"
7/27/2019,"9,477.68"
7/28/2019,"9,552.86"
7/29/2019,"9,519.15"
7/30/2019,"9,607.42"
7/31/2019,"10,085.63"
8/1/2019,"10,399.67"
8/2/2019,"10,518.17"
8/3/2019,"10,821.73"
8/4/2019,"10,970.18"
8/5/2019,"11,805.65"
8/6/2019,"11,478.17"
8/7/2019,"11,941.97"
8/8/2019,"11,966.41"
8/9/2019,"11,862.94"
8/10/2019,"11,354.02"
8/11/2019,"11,523.58"
8/12/2019,"11,382.62"
8/13/2019,"10,895.83"
8/14/2019,"10,051.70"
8/15/2019,"10,311.55"
8/16/2019,"10,374.34"
8/17/2019,"10,231.74"
8/18/2019,"10,345.81"
8/19/2019,"10,916.05"
8/20/2019,"10,763.23"
8/21/2019,"10,138.05"
8/22/2019,"10,131.06"
8/23/2019,"10,407.96"
8/24/2019,"10,159.96"
8/25/2019,"10,138.52"
8/26/2019,"10,370.82"
8/27/2019,"10,185.50"
8/28/2019,"9,754.42"
8/29/2019,"9,510.20"
8/30/2019,"9,598.17"
8/31/2019,"9,630.66"
9/1/2019,"9,757.97"
9/2/2019,"10,346.76"
9/3/2019,"10,623.54"
9/4/2019,"10,594.49"
9/5/2019,"10,575.53"
9/6/2019,"10,353.30"
9/7/2019,"10,517.25"
9/8/2019,"10,441.28"
9/9/2019,"10,334.97"
9/10/2019,"10,115.98"
9/11/2019,"10,178.37"
9/12/2019,"10,410.13"
9/13/2019,"10,360.55"
9/14/2019,"10,358.05"
9/15/2019,"10,347.71"
9/16/2019,"10,276.79"
9/17/2019,"10,241.27"
9/18/2019,"10,198.25"
9/19/2019,"10,266.42"
9/20/2019,"10,181.64"
9/21/2019,"10,019.72"
9/22/2019,"10,070.39"
9/23/2019,"9,729.32"
9/24/2019,"8,620.57"
9/25/2019,"8,486.99"
9/26/2019,"8,118.97"
9/27/2019,"8,251.85"
9/28/2019,"8,245.92"
9/29/2019,"8,104.19"
9/30/2019,"8,293.87"
10/1/2019,"8,343.28"
10/2/2019,"8,393.04"
10/3/2019,"8,259.99"
10/4/2019,"8,205.94"
10/5/2019,"8,151.50"
10/6/2019,"7,988.16"
10/7/2019,"8,245.62"
10/8/2019,"8,228.78"
10/9/2019,"8,595.74"
10/10/2019,"8,586.47"
10/11/2019,"8,321.76"
10/12/2019,"8,336.56"
10/13/2019,"8,321.01"
10/14/2019,"8,374.69"
10/15/2019,"8,205.37"
10/16/2019,"8,047.53"
10/17/2019,"8,103.91"
10/18/2019,"7,973.21"
10/19/2019,"7,988.56"
10/20/2019,"8,222.08"
10/21/2019,"8,243.72"
10/22/2019,"8,078.20"
10/23/2019,"7,514.67"
10/24/2019,"7,493.49"
10/25/2019,"8,660.70"
10/26/2019,"9,244.97"
10/27/2019,"9,551.71"
10/28/2019,"9,256.15"
10/29/2019,"9,427.69"
10/30/2019,"9,205.73"
10/31/2019,"9,199.58"
11/1/2019,"9,261.10"
11/2/2019,"9,324.72"
11/3/2019,"9,235.35"
11/4/2019,"9,412.61"
11/5/2019,"9,342.53"
11/6/2019,"9,360.88"
11/7/2019,"9,267.56"
11/8/2019,"8,804.88"
11/9/2019,"8,813.58"
11/10/2019,"9,055.53"
11/11/2019,"8,757.79"
11/12/2019,"8,815.66"
11/13/2019,"8,808.26"
11/14/2019,"8,708.09"
11/15/2019,"8,491.99"
11/16/2019,"8,550.76"
11/17/2019,"8,577.98"
11/18/2019,"8,309.29"
11/19/2019,"8,206.15"
11/20/2019,"8,027.27"
11/21/2019,"7,642.75"
11/22/2019,"7,296.58"
11/23/2019,"7,397.80"
11/24/2019,"7,047.92"
11/25/2019,"7,146.13"
11/26/2019,"7,218.37"
11/27/2019,"7,531.66"
11/28/2019,"7,463.11"
11/29/2019,"7,761.24"
11/30/2019,"7,569.63"
12/1/2019,"7,424.29"
12/2/2019,"7,321.99"
12/3/2019,"7,320.15"
12/4/2019,"7,252.03"
12/5/2019,"7,448.31"
12/6/2019,"7,547.00"
12/7/2019,"7,556.24"
12/8/2019,"7,564.35"
12/9/2019,"7,400.90"
12/10/2019,"7,278.12"
12/11/2019,"7,217.43"
12/12/2019,"7,243.13"
12/13/2019,"7,269.68"
12/14/2019,"7,124.67"
12/15/2019,"7,152.30"
12/16/2019,"6,932.48"
12/17/2019,"6,640.52"
12/18/2019,"7,276.80"
12/19/2019,"7,202.84"
12/20/2019,"7,218.82"
12/21/2019,"7,191.16"
12/22/2019,"7,511.59"
12/23/2019,"7,355.63"
12/24/2019,"7,322.53"
12/25/2019,"7,275.16"
12/26/2019,"7,238.97"
12/27/2019,"7,290.09"
12/28/2019,"7,317.99"
12/29/2019,"7,422.65"
12/30/2019,"7,293.00"
12/31/2019,"7,193.60"
1/1/2020,"7,200.17"
1/2/2020,"6,985.47"
1/3/2020,"7,344.88"
1/4/2020,"7,410.66"
1/5/2020,"7,411.32"
1/6/2020,"7,769.22"
1/7/2020,"8,163.69"
1/8/2020,"8,079.86"
1/9/2020,"7,879.07"
1/10/2020,"8,166.55"
1/11/2020,"8,037.54"
1/12/2020,"8,192.49"
1/13/2020,"8,144.19"
1/14/2020,"8,827.76"
1/15/2020,"8,807.01"
1/16/2020,"8,723.79"
1/17/2020,"8,929.04"
1/18/2020,"8,942.81"
1/19/2020,"8,706.25"
1/20/2020,"8,657.64"
1/21/2020,"8,745.89"
1/22/2020,"8,680.88"
1/23/2020,"8,406.52"
1/24/2020,"8,445.43"
1/25/2020,"8,367.85"
1/26/2020,"8,596.83"
1/27/2020,"8,909.82"
1/28/2020,"9,358.59"
1/29/2020,"9,316.63"
1/30/2020,"9,508.99"
1/31/2020,"9,350.53"
2/1/2020,"9,392.88"
2/2/2020,"9,344.37"
2/3/2020,"9,293.52"
2/4/2020,"9,180.96"
2/5/2020,"9,613.42"
2/6/2020,"9,729.80"
2/7/2020,"9,795.94"
2/8/2020,"9,865.12"
2/9/2020,"10,116.67"
2/10/2020,"9,856.61"
2/11/2020,"10,208.24"
2/12/2020,"10,326.05"
2/13/2020,"10,214.38"
2/14/2020,"10,312.12"
2/15/2020,"9,889.42"
2/16/2020,"9,934.43"
2/17/2020,"9,690.14"
2/18/2020,"10,142.00"
2/19/2020,"9,633.39"
2/20/2020,"9,608.48"
2/21/2020,"9,686.44"
2/22/2020,"9,663.18"
2/23/2020,"9,924.52"
2/24/2020,"9,650.17"
2/25/2020,"9,341.71"
2/26/2020,"8,820.52"
2/27/2020,"8,784.49"
2/28/2020,"8,672.46"
2/29/2020,"8,599.51"
3/1/2020,"8,562.45"
3/2/2020,"8,869.67"
3/3/2020,"8,787.79"
3/4/2020,"8,755.25"
3/5/2020,"9,078.76"
3/6/2020,"9,122.55"
3/7/2020,"8,909.95"
3/8/2020,"8,108.12"
3/9/2020,"7,923.64"
3/10/2020,"7,909.73"
3/11/2020,"7,911.43"
3/12/2020,"4,970.79"
3/13/2020,"5,563.71"
3/14/2020,"5,200.37"
3/15/2020,"5,392.31"
3/16/2020,"5,014.48"
3/17/2020,"5,225.63"
3/18/2020,"5,238.44"
3/19/2020,"6,191.19"
3/20/2020,"6,198.78"
3/21/2020,"6,185.07"
3/22/2020,"5,830.25"
3/23/2020,"6,416.31"
3/24/2020,"6,734.80"
3/25/2020,"6,681.06"
3/26/2020,"6,716.44"
3/27/2020,"6,469.80"
3/28/2020,"6,242.19"
3/29/2020,"5,922.04"
3/30/2020,"6,429.84"
3/31/2020,"6,438.64"
4/1/2020,"6,606.78"
4/2/2020,"6,793.62"
4/3/2020,"6,733.39"
4/4/2020,"6,867.53"
4/5/2020,"6,791.13"
4/6/2020,"7,271.78"
4/7/2020,"7,176.41"
4/8/2020,"7,334.10"
4/9/2020,"7,302.09"
4/10/2020,"6,865.49"
4/11/2020,"6,859.08"
4/12/2020,"6,971.09"
4/13/2020,"6,845.04"
4/14/2020,"6,842.43"
4/15/2020,"6,642.11"
4/16/2020,"7,116.80"
4/17/2020,null
4/18/2020,"7,257.67"
4/19/2020,"7,189.42"
4/20/2020,"6,881.96"
4/21/2020,"6,880.32"
4/22/2020,"7,117.21"
4/23/2020,"7,429.72"
4/24/2020,"7,550.90"
4/25/2020,"7,569.94"
4/26/2020,"7,679.87"
4/27/2020,"7,795.60"
4/28/2020,"7,807.06"
4/29/2020,"8,801.04"
4/30/2020,"8,658.55"
5/1/2020,"8,864.77"
5/2/2020,"8,988.60"
5/3/2020,"8,897.47"
5/4/2020,"8,912.65"
5/5/2020,"9,003.07"
5/6/2020,"9,268.76"
5/7/2020,"9,951.52"
5/8/2020,"9,842.67"
5/9/2020,"9,593.90"
5/10/2020,"8,756.43"
5/11/2020,"8,601.80"
5/12/2020,"8,804.48"
5/13/2020,"9,269.99"
5/14/2020,"9,733.72"
5/15/2020,"9,328.20"
5/16/2020,"9,377.01"
5/17/2020,"9,670.74"
5/18/2020,"9,726.58"
5/19/2020,"9,729.04"
5/20/2020,"9,522.98"
5/21/2020,"9,081.76"
5/22/2020,"9,182.58"
5/23/2020,"9,209.29"
5/24/2020,"8,790.37"
5/25/2020,"8,906.93"
5/26/2020,"8,835.05"
5/27/2020,"9,181.02"
5/28/2020,"9,525.75"
5/29/2020,"9,439.12"
5/30/2020,"9,700.41"
5/31/2020,"9,461.06"
6/1/2020,"10,167.27"
6/2/2020,"9,529.80"
6/3/2020,"9,656.72"
6/4/2020,"9,800.64"
6/5/2020,"9,665.53"
6/6/2020,"9,653.68"
6/7/2020,"9,758.85"
6/8/2020,"9,771.49"
6/9/2020,"9,795.70"
6/10/2020,"9,870.09"
6/11/2020,"9,321.78"
6/12/2020,"9,480.84"
6/13/2020,"9,475.28"
6/14/2020,"9,386.79"
6/15/2020,"9,450.70"
6/16/2020,"9,538.02"
6/17/2020,"9,480.25"
6/18/2020,"9,411.84"
6/19/2020,"9,288.02"
6/20/2020,"9,332.34"
6/21/2020,"9,303.63"
6/22/2020,"9,648.72"
6/23/2020,"9,629.66"
6/24/2020,"9,313.61"
6/25/2020,"9,264.81"
6/26/2020,"9,162.92"
6/27/2020,"9,045.39"
6/28/2020,"9,143.58"
6/29/2020,"9,190.85"
6/30/2020,"9,137.99"
7/1/2020,"9,228.33"
7/2/2020,"9,123.41"
7/3/2020,"9,087.30"
7/4/2020,"9,132.49"
7/5/2020,"9,073.94"
7/6/2020,"9,375.47"
7/7/2020,"9,252.28"
7/8/2020,"9,428.33"
7/9/2020,"9,277.97"
7/10/2020,"9,278.81"
7/11/2020,"9,240.35"
7/12/2020,"9,276.50"
7/13/2020,"9,243.61"
7/14/2020,"9,243.21"
7/15/2020,"9,192.84"
7/16/2020,"9,132.23"
7/17/2020,"9,151.39"
7/18/2020,"9,159.04"
7/19/2020,"9,185.82"
7/20/2020,"9,164.23"
7/21/2020,"9,374.89"
7/22/2020,"9,525.36"
7/23/2020,"9,581.07"
7/24/2020,"9,536.89"
7/25/2020,"9,677.11"
7/26/2020,"9,905.17"
7/27/2020,"10,990.87"
7/28/2020,"10,912.82"
7/29/2020,"11,100.47"
7/30/2020,"11,111.21"
7/31/2020,"11,323.47"
8/1/2020,"11,759.59"
8/2/2020,"11,053.61"
8/3/2020,"11,246.35"
8/4/2020,"11,205.89"
8/5/2020,"11,747.02"
8/6/2020,"11,779.77"
8/7/2020,"11,601.47"
8/8/2020,"11,754.05"
8/9/2020,"11,675.74"
8/10/2020,"11,878.11"
8/11/2020,"11,410.53"
8/12/2020,"11,584.93"
8/13/2020,"11,784.14"
8/14/2020,"11,768.87"
8/15/2020,"11,865.70"
8/16/2020,"11,892.80"
8/17/2020,"12,254.40"
8/18/2020,"11,991.23"
8/19/2020,"11,758.28"
8/20/2020,"11,878.37"
8/21/2020,"11,592.49"
8/22/2020,"11,681.83"
8/23/2020,"11,664.85"
8/24/2020,"11,774.60"
8/25/2020,"11,366.13"
8/26/2020,"11,488.36"
8/27/2020,"11,323.40"
8/28/2020,"11,542.50"
8/29/2020,"11,506.87"
8/30/2020,"11,711.51"
8/31/2020,"11,680.82"
9/1/2020,"11,970.48"
9/2/2020,"11,414.03"
9/3/2020,"10,245.30"
9/4/2020,"10,511.81"
9/5/2020,"10,169.57"
9/6/2020,"10,280.35"
9/7/2020,"10,369.56"
9/8/2020,"10,131.52"
9/9/2020,"10,242.35"
9/10/2020,"10,363.14"
9/11/2020,"10,400.92"
9/12/2020,"10,442.17"
9/13/2020,"10,323.76"
9/14/2020,"10,680.84"
9/15/2020,"10,796.95"
9/16/2020,"10,974.91"
9/17/2020,"10,948.99"
9/18/2020,"10,944.59"
9/19/2020,"11,094.35"
9/20/2020,"10,938.27"
9/21/2020,"10,462.26"
9/22/2020,"10,538.46"
9/23/2020,"10,225.86"
9/24/2020,"10,745.55"
9/25/2020,"10,702.29"
9/26/2020,"10,754.44"
9/27/2020,"10,774.43"
9/28/2020,"10,721.33"
9/29/2020,"10,848.83"
9/30/2020,"10,787.62"
10/1/2020,"10,623.33"
10/2/2020,"10,585.16"
10/3/2020,"10,565.49"
10/4/2020,"10,684.43"
10/5/2020,"10,804.00"
10/6/2020,"10,621.66"
10/7/2020,"10,679.14"
10/8/2020,"10,923.63"
10/9/2020,null
10/10/2020,"11,296.36"
10/11/2020,"11,384.18"
10/12/2020,null
10/13/2020,null
10/14/2020,"11,429.51"
10/15/2020,"11,495.35"
10/16/2020,"11,322.12"
10/17/2020,"11,358.10"
10/18/2020,"11,483.36"
10/19/2020,"11,742.04"
10/20/2020,"11,916.33"
10/21/2020,"12,823.69"
10/22/2020,"12,965.89"
10/23/2020,"12,931.54"
10/24/2020,"13,108.06"
10/25/2020,"13,031.17"
10/26/2020,"13,075.25"
10/27/2020,"13,654.22"
10/28/2020,"13,271.29"
10/29/2020,"13,437.88"
10/30/2020,"13,546.52"
10/31/2020,"13,781.00"
11/1/2020,"13,737.11"
11/2/2020,"13,550.49"
11/3/2020,"13,950.30"
11/4/2020,"14,133.71"
11/5/2020,"15,579.85"
11/6/2020,"15,565.88"
11/7/2020,"14,833.75"
11/8/2020,"15,479.57"
11/9/2020,"15,332.32"
11/10/2020,"15,290.90"
11/11/2020,"15,701.34"
11/12/2020,"16,276.34"
11/13/2020,"16,317.81"
11/14/2020,"16,068.14"
11/15/2020,"15,955.59"
11/16/2020,"16,716.11"
11/17/2020,"17,645.41"
11/18/2020,"17,804.01"
11/19/2020,"17,817.09"
11/20/2020,"18,621.31"
11/21/2020,"18,642.23"
11/22/2020,"18,370.00"
11/23/2020,"18,364.12"
11/24/2020,"19,107.46"
11/25/2020,"18,732.12"
11/26/2020,"17,150.62"
11/27/2020,"17,108.40"
11/28/2020,"17,717.41"
11/29/2020,"18,177.48"
11/30/2020,"19,625.84"
12/1/2020,"18,803.00"
12/2/2020,"19,201.09"
12/3/2020,"19,445.40"
12/4/2020,"18,699.77"
12/5/2020,"19,154.23"
12/6/2020,"19,345.12"
12/7/2020,"19,191.63"
12/8/2020,"18,321.14"
12/9/2020,"18,553.92"
12/10/2020,"18,264.99"
12/11/2020,"18,058.90"
12/12/2020,"18,803.66"
12/13/2020,"19,142.38"
12/14/2020,"19,246.64"
12/15/2020,"19,417.08"
12/16/2020,"21,310.60"
12/17/2020,"22,805.16"
12/18/2020,"23,137.96"
12/19/2020,"23,869.83"
12/20/2020,"23,477.29"
12/21/2020,"22,803.08"
12/22/2020,"23,783.03"
12/23/2020,"23,241.35"
12/24/2020,"23,735.95"
12/25/2020,"24,664.79"
12/26/2020,"26,437.04"
12/27/2020,"26,272.29"
12/28/2020,"27,084.81"
12/29/2020,"27,362.44"
12/30/2020,"28,840.95"
12/31/2020,"29,001.72"
1/1/2021,"29,374.15"
1/2/2021,"32,127.27"
1/3/2021,"32,782.02"
1/4/2021,"31,971.91"
1/5/2021,"33,992.43"
1/6/2021,"36,824.36"
1/7/2021,"39,371.04"
1/8/2021,"40,797.61"
1/9/2021,"40,254.55"
1/10/2021,"38,356.44"
1/11/2021,"35,566.66"
1/12/2021,"33,922.96"
1/13/2021,"37,316.36"
1/14/2021,"39,187.33"
1/15/2021,"36,825.37"
1/16/2021,"36,178.14"
1/17/2021,"35,791.28"
1/18/2021,"36,630.07"
1/19/2021,"36,069.80"
1/20/2021,"35,547.75"
1/21/2021,"30,825.70"
1/22/2021,"33,005.76"
1/23/2021,"32,067.64"
1/24/2021,"32,289.38"
1/25/2021,"32,366.39"
1/26/2021,"32,569.85"
1/27/2021,"30,432.55"
1/28/2021,"31,649.61"
1/29/2021,"34,316.39"
1/30/2021,"34,269.52"
1/31/2021,"33,114.36"
2/1/2021,"33,537.18"
2/2/2021,"35,510.29"
2/3/2021,"37,472.09"
2/4/2021,"36,926.07"
2/5/2021,"38,144.31"
2/6/2021,"39,266.01"
2/7/2021,"38,903.44"
2/8/2021,"46,196.46"
2/9/2021,"46,481.11"
2/10/2021,"44,918.18"
2/11/2021,"47,909.33"
2/12/2021,"47,504.85"
2/13/2021,"47,105.52"
2/14/2021,"48,717.29"
2/15/2021,"47,945.06"
2/16/2021,"49,199.87"
2/17/2021,"52,149.01"
2/18/2021,"51,679.80"
2/19/2021,"55,888.13"
2/20/2021,"56,099.52"
2/21/2021,"57,539.95"
2/22/2021,"54,207.32"
2/23/2021,"48,824.43"
2/24/2021,"49,705.33"
2/25/2021,"47,093.85"
2/26/2021,"46,339.76"
2/27/2021,"46,188.45"
2/28/2021,"45,137.77"
3/1/2021,"49,631.24"
3/2/2021,"48,378.99"
3/3/2021,"50,538.24"
3/4/2021,"48,561.17"
3/5/2021,"48,927.30"
3/6/2021,"48,912.38"
3/7/2021,"51,206.69"
3/8/2021,"52,246.52"
3/9/2021,"54,824.12"
3/10/2021,"56,008.55"
3/11/2021,"57,805.12"
3/12/2021,"57,332.09"
3/13/2021,"61,243.09"
3/14/2021,"59,302.32"
3/15/2021,"55,907.20"
3/16/2021,"56,804.90"
3/17/2021,"58,870.89"
3/18/2021,"57,858.92"
3/19/2021,"58,346.65"
3/20/2021,"58,313.64"
3/21/2021,"57,523.42"
3/22/2021,"54,529.14"
3/23/2021,"54,738.95"
3/24/2021,"52,774.27"
3/25/2021,"51,704.16"
3/26/2021,"55,137.31"
3/27/2021,"55,973.51"
3/28/2021,"55,950.75"
3/29/2021,"57,750.20"
3/30/2021,"58,917.69"
3/31/2021,"58,918.83"
4/1/2021,"59,095.81"
4/2/2021,"59,384.31"
4/3/2021,"57,603.89"
4/4/2021,"58,758.55"
4/5/2021,"59,057.88"
4/6/2021,"58,192.36"
4/7/2021,"56,048.94"
4/8/2021,"58,323.95"
4/9/2021,"58,245.00"
4/10/2021,"59,793.23"
4/11/2021,"60,204.96"
4/12/2021,"59,893.45"
4/13/2021,"63,503.46"
4/14/2021,"63,109.70"
4/15/2021,"63,314.01"
4/16/2021,"61,572.79"
4/17/2021,"60,683.82"
4/18/2021,"56,216.18"
4/19/2021,"55,724.27"
4/20/2021,"56,473.03"
4/21/2021,"53,906.09"
4/22/2021,"51,762.27"
4/23/2021,"51,093.65"
4/24/2021,"50,050.87"
4/25/2021,"49,004.25"
4/26/2021,"54,021.75"
4/27/2021,"55,033.12"
4/28/2021,"54,824.70"
4/29/2021,"53,555.11"
4/30/2021,"57,750.18"
5/1/2021,"57,828.05"
5/2/2021,"56,631.08"
5/3/2021,"57,200.29"
5/4/2021,"53,333.54"
5/5/2021,"57,424.01"
5/6/2021,"56,396.52"
5/7/2021,"57,356.40"
5/8/2021,"58,803.78"
5/9/2021,"58,232.32"
5/10/2021,"55,859.80"
5/11/2021,"56,704.57"
5/12/2021,"49,150.54"
5/13/2021,"49,716.19"
5/14/2021,"49,880.54"
5/15/2021,"46,760.19"
5/16/2021,"46,456.06"
5/17/2021,"43,537.51"
5/18/2021,"42,909.40"
5/19/2021,"37,002.44"
5/20/2021,"40,782.74"
5/21/2021,"37,304.69"
5/22/2021,"37,536.63"
5/23/2021,"34,770.58"
5/24/2021,"38,705.98"
5/25/2021,"38,402.22"
5/26/2021,"39,294.20"
5/27/2021,"38,436.97"
5/28/2021,"35,697.61"
5/29/2021,"34,616.07"
5/30/2021,"35,678.13"
5/31/2021,"37,332.86"
6/1/2021,"36,684.93"
6/2/2021,"37,575.18"
6/3/2021,"39,208.77"
6/4/2021,"36,894.41"
6/5/2021,"35,551.96"
6/6/2021,"35,862.38"
6/7/2021,"33,560.71"
6/8/2021,"33,472.63"
6/9/2021,"37,345.12"
6/10/2021,"36,702.60"
6/11/2021,"37,334.40"
6/12/2021,"35,552.52"
6/13/2021,"39,097.86"
6/14/2021,"40,218.48"
6/15/2021,"40,406.27"
6/16/2021,"38,347.06"
6/17/2021,"38,053.50"
6/18/2021,"35,787.25"
6/19/2021,"35,615.87"
6/20/2021,"35,698.30"
6/21/2021,"31,676.69"
6/22/2021,"32,505.66"
6/23/2021,"33,723.03"
6/24/2021,"34,662.44"
6/25/2021,"31,637.78"
6/26/2021,"32,186.28"
6/27/2021,"34,649.64"
6/28/2021,"34,434.34"
6/29/2021,"35,867.78"
6/30/2021,"35,040.84"
7/1/2021,"33,572.12"
7/2/2021,"33,897.05"
7/3/2021,"34,668.55"
7/4/2021,"35,287.78"
7/5/2021,"33,746.00"
7/6/2021,"34,235.20"
7/7/2021,"33,855.33"
7/8/2021,"32,877.37"
7/9/2021,"33,798.01"
7/10/2021,"33,520.52"
7/11/2021,"34,240.19"
7/12/2021,"33,155.85"
7/13/2021,"32,702.03"
7/14/2021,"32,822.35"
7/15/2021,"31,780.73"
7/16/2021,"31,421.54"
7/17/2021,"31,533.07"
7/18/2021,"31,796.81"
7/19/2021,"30,817.83"
7/20/2021,"29,807.35"
7/21/2021,"32,110.69"
7/22/2021,"32,313.11"
7/23/2021,"33,581.55"
7/24/2021,"34,292.45"
7/25/2021,"35,350.19"
7/26/2021,"37,337.54"
7/27/2021,"39,406.94"
7/28/2021,"39,995.91"
7/29/2021,"40,008.42"
7/30/2021,"42,235.55"
7/31/2021,"41,626.20"
8/1/2021,"39,974.89"
8/2/2021,"39,201.95"
8/3/2021,"38,152.98"
8/4/2021,"39,747.50"
8/5/2021,"40,869.55"
8/6/2021,"42,816.50"
8/7/2021,"44,555.80"
8/8/2021,"43,798.12"
8/9/2021,"46,365.40"
8/10/2021,"45,585.03"
8/11/2021,"45,593.64"
8/12/2021,"44,428.29"
8/13/2021,"47,793.32"
8/14/2021,"47,096.95"
8/15/2021,"47,047.00"
8/16/2021,"46,004.48"
8/17/2021,"44,695.36"
8/18/2021,"44,801.19"
8/19/2021,"46,717.58"
8/20/2021,"49,339.18"
8/21/2021,"48,905.49"
8/22/2021,"49,321.65"
8/23/2021,"49,546.15"
8/24/2021,"47,706.12"
8/25/2021,"48,960.79"
8/26/2021,"46,942.22"
8/27/2021,"49,058.67"
8/28/2021,"48,902.40"
8/29/2021,"48,829.83"
8/30/2021,"47,054.98"
8/31/2021,"47,166.69"
9/1/2021,"48,847.03"
9/2/2021,"49,327.72"
9/3/2021,"50,025.38"
9/4/2021,"49,944.63"
9/5/2021,"51,753.41"
9/6/2021,"52,633.54"
9/7/2021,"46,811.13"
9/8/2021,"46,091.39"
9/9/2021,"46,391.42"
9/10/2021,"44,883.91"
9/11/2021,"45,201.46"
9/12/2021,"46,063.27"
9/13/2021,"44,963.07"
9/14/2021,"47,092.49"
9/15/2021,"48,176.35"
9/16/2021,"47,783.36"
9/17/2021,"47,267.52"
9/18/2021,"48,278.36"
9/19/2021,"47,260.22"
9/20/2021,"42,843.80"
9/21/2021,"40,693.68"
9/22/2021,"43,574.51"
9/23/2021,"44,895.10"
9/24/2021,"42,839.75"
9/25/2021,"42,716.59"
9/26/2021,"43,208.54"
9/27/2021,"42,235.73"
9/28/2021,"41,034.54"
9/29/2021,"41,564.36"
9/30/2021,"43,790.89"
10/1/2021,"48,116.94"
10/2/2021,"47,711.49"
10/3/2021,"48,199.95"
10/4/2021,"49,112.90"
10/5/2021,"51,514.81"
10/6/2021,"55,361.45"
10/7/2021,"53,805.98"
10/8/2021,"53,967.85"
10/9/2021,"54,968.22"
10/10/2021,"54,771.58"
10/11/2021,"57,484.79"
10/12/2021,"56,041.06"
10/13/2021,"57,401.10"
10/14/2021,"57,321.52"
10/15/2021,"61,593.95"
10/16/2021,"60,892.18"
10/17/2021,"61,553.62"
10/18/2021,"62,026.08"
10/19/2021,"64,261.99"
10/20/2021,"66,120.33"